{"cpu_time": 0.0, "wallclock_time": 0.03901386260986328, "evaluations": 0, "cost": 2147483648, "incumbent": {"h0": 3, "h1": 2, "x0": 9.773743208497763, "x1": 0.6210646618417464, "x2": 49.94271361082792, "x3": 0.3921530647203326}, "budget": 0, "origin": "Sobol"}
{"cpu_time": 3.8149421215057373, "wallclock_time": 3.9447813034057617, "evaluations": 1, "cost": 3.4971456815001147, "incumbent": {"h0": 3, "h1": 2, "x0": 9.773743208497763, "x1": 0.6210646618417464, "x2": 49.94271361082792, "x3": 0.3921530647203326}, "budget": 0, "origin": "Sobol"}
{"cpu_time": 40.464372634887695, "wallclock_time": 41.235954999923706, "evaluations": 8, "cost": 2.0530314608222398, "incumbent": {"h0": 3, "h1": 0, "x0": 5.261548668146133, "x1": 0.6547796677911282, "x2": 40.19124412536621, "x3": 0.25051629543304443}, "budget": 0, "origin": "Sobol"}
{"cpu_time": 59.6364324092865, "wallclock_time": 60.74465799331665, "evaluations": 12, "cost": 2.0083101263880963, "incumbent": {"h0": 3, "h1": 0, "x0": 8.381696343421936, "x1": 0.22341113038629296, "x2": 32.79532551765442, "x3": 0.41418758034706116}, "budget": 0, "origin": "Sobol"}
{"cpu_time": 138.42727065086365, "wallclock_time": 145.70330452919006, "evaluations": 26, "cost": 1.9952758711624483, "incumbent": {"h0": 3, "h1": 0, "x0": 5.8733691936312535, "x1": 0.20432492968812815, "x2": 34.457151114330436, "x3": 0.20910052923851274}, "budget": 0, "origin": "Local Search"}
{"cpu_time": 152.95210480690002, "wallclock_time": 172.60346817970276, "evaluations": 29, "cost": 1.96432718428332, "incumbent": {"h0": 3, "h1": 0, "x0": 5.703961272394096, "x1": 0.31386321024033503, "x2": 34.59591472207358, "x3": 0.41324695480388096}, "budget": 0, "origin": "Local Search"}
{"cpu_time": 176.38368725776672, "wallclock_time": 205.89157938957214, "evaluations": 33, "cost": 1.9615747180214385, "incumbent": {"h0": 4, "h1": 0, "x0": 5.446941422026105, "x1": 0.5402498463997595, "x2": 34.61390730584132, "x3": 0.47976344786306735}, "budget": 0, "origin": "Local Search"}
{"cpu_time": 190.00065636634827, "wallclock_time": 230.41579723358154, "evaluations": 36, "cost": 1.9219151893375965, "incumbent": {"h0": 4, "h1": 0, "x0": 5.703961272394096, "x1": 0.4431571379869653, "x2": 34.746730820484224, "x3": 0.41324695480388096}, "budget": 0, "origin": "Local Search"}
{"cpu_time": 225.16290593147278, "wallclock_time": 282.2506926059723, "evaluations": 42, "cost": 1.6837008727052307, "incumbent": {"h0": 4, "h1": 0, "x0": 6.151790071805051, "x1": 0.6029211667258446, "x2": 34.7195177459502, "x3": 0.40349116036218746}, "budget": 0, "origin": "Local Search"}
{"cpu_time": 249.73440980911255, "wallclock_time": 316.64734959602356, "evaluations": 46, "cost": 1.478668951200234, "incumbent": {"h0": 4, "h1": 0, "x0": 6.954285364948056, "x1": 0.6282361597348429, "x2": 34.7195177459502, "x3": 0.34076433952255897}, "budget": 0, "origin": "Local Search"}
{"cpu_time": 283.6542069911957, "wallclock_time": 368.56170654296875, "evaluations": 51, "cost": 1.4649379769252846, "incumbent": {"h0": 4, "h1": 0, "x0": 6.954285364948056, "x1": 0.62512918069166, "x2": 34.7195177459502, "x3": 0.32883128993201505}, "budget": 0, "origin": "Local Search"}
{"cpu_time": 364.73005080223083, "wallclock_time": 496.499995470047, "evaluations": 66, "cost": 1.4247986322734505, "incumbent": {"h0": 4, "h1": 0, "x0": 6.953114740107075, "x1": 0.6277738755231, "x2": 34.7195177459502, "x3": 0.32792424512018226}, "budget": 0, "origin": "Local Search"}
{"cpu_time": 409.72807931900024, "wallclock_time": 558.030305147171, "evaluations": 73, "cost": 1.4227776351035573, "incumbent": {"h0": 4, "h1": 0, "x0": 6.955231823709809, "x1": 0.6277738755231, "x2": 34.7195177459502, "x3": 0.32878217327774956}, "budget": 0, "origin": "Local Search"}
{"cpu_time": 415.20735573768616, "wallclock_time": 567.3001687526703, "evaluations": 74, "cost": 1.420849012734834, "incumbent": {"h0": 4, "h1": 0, "x0": 6.955928032239239, "x1": 0.627851641893705, "x2": 34.7195177459502, "x3": 0.3286540565463959}, "budget": 0, "origin": "Local Search"}
{"cpu_time": 534.2781958580017, "wallclock_time": 756.6349778175354, "evaluations": 97, "cost": 1.4125853499863297, "incumbent": {"h0": 4, "h1": 0, "x0": 6.987737931009205, "x1": 0.627851641893705, "x2": 34.60074511115266, "x3": 0.28748554963219314}, "budget": 0, "origin": "Local Search"}
