{"cpu_time": 0.0, "wallclock_time": 0.01587820053100586, "evaluations": 0, "cost": 2147483648, "incumbent": {"h0": 5, "h1": 1, "x0": 11.67979233711958, "x1": 0.711917103545256, "x2": 36.104237981140614, "x3": 0.03554581152275205}, "budget": 0, "origin": "Sobol"}
{"cpu_time": 4.92925238609314, "wallclock_time": 5.030234098434448, "evaluations": 1, "cost": 1.3873547921102727, "incumbent": {"h0": 5, "h1": 1, "x0": 11.67979233711958, "x1": 0.711917103545256, "x2": 36.104237981140614, "x3": 0.03554581152275205}, "budget": 0, "origin": "Sobol"}
{"cpu_time": 255.3553388118744, "wallclock_time": 302.0173969268799, "evaluations": 38, "cost": 1.3836818048730493, "incumbent": {"h0": 5, "h1": 1, "x0": 11.260274941168415, "x1": 0.7083359914246312, "x2": 36.2291458668941, "x3": 0.03912208600338043}, "budget": 0, "origin": "Local Search"}
{"cpu_time": 282.1129903793335, "wallclock_time": 336.8507568836212, "evaluations": 42, "cost": 1.0349451509682694, "incumbent": {"h0": 3, "h1": 1, "x0": 9.45223798932864, "x1": 0.704363957397538, "x2": 36.297501898172335, "x3": 0.038418813434694124}, "budget": 0, "origin": "Local Search"}
{"cpu_time": 292.3062701225281, "wallclock_time": 354.32062792778015, "evaluations": 44, "cost": 1.014210283756256, "incumbent": {"h0": 3, "h1": 1, "x0": 9.482654594929528, "x1": 0.7041840521298605, "x2": 36.29335107483196, "x3": 0.039182496685860234}, "budget": 0, "origin": "Local Search"}
{"cpu_time": 348.8115725517273, "wallclock_time": 442.4293155670166, "evaluations": 54, "cost": 0.6853582945805101, "incumbent": {"h0": 5, "h1": 1, "x0": 9.410332041310367, "x1": 0.7046887416678312, "x2": 36.496128303574054, "x3": 0.07236413177034534}, "budget": 0, "origin": "Local Search"}
{"cpu_time": 359.12982654571533, "wallclock_time": 457.8435699939728, "evaluations": 56, "cost": 0.5084523840341717, "incumbent": {"h0": 4, "h1": 1, "x0": 9.477818094102393, "x1": 0.7057392007144038, "x2": 36.527542531651946, "x3": 0.09053987889730458}, "budget": 0, "origin": "Local Search"}
{"cpu_time": 392.93268847465515, "wallclock_time": 514.8142647743225, "evaluations": 62, "cost": 0.30187425581971183, "incumbent": {"h0": 4, "h1": 1, "x0": 9.02900448104601, "x1": 0.7245823027586653, "x2": 36.615592781859625, "x3": 0.09217155648593249}, "budget": 0, "origin": "Local Search"}
{"cpu_time": 403.5663914680481, "wallclock_time": 533.6190228462219, "evaluations": 64, "cost": 0.12659001557403826, "incumbent": {"h0": 3, "h1": 1, "x0": 9.451241947078518, "x1": 0.767111735022147, "x2": 36.66736046173126, "x3": 0.08946252126221274}, "budget": 0, "origin": "Local Search"}
{"cpu_time": 429.95134258270264, "wallclock_time": 573.1177525520325, "evaluations": 68, "cost": 0.11232152953743935, "incumbent": {"h0": 3, "h1": 1, "x0": 9.40819087093222, "x1": 0.7684366135048039, "x2": 36.649498397478105, "x3": 0.0915768614524605}, "budget": 0, "origin": "Local Search"}
{"cpu_time": 544.0358946323395, "wallclock_time": 745.0521447658539, "evaluations": 88, "cost": 0.11212473096384201, "incumbent": {"h0": 3, "h1": 1, "x0": 9.616975037037726, "x1": 0.7682476879990097, "x2": 36.654069133904045, "x3": 0.09155495946681584}, "budget": 0, "origin": "Local Search"}
{"cpu_time": 548.1814315319061, "wallclock_time": 752.2209856510162, "evaluations": 89, "cost": 0.11209918536769692, "incumbent": {"h0": 3, "h1": 1, "x0": 9.406381170482634, "x1": 0.7688822184385781, "x2": 36.654069133904045, "x3": 0.09155495946681584}, "budget": 0, "origin": "Local Search"}
