{"cpu_time": 0.0, "wallclock_time": 0.012753963470458984, "evaluations": 0, "cost": 2147483648, "incumbent": {"h0": 3, "h1": 1, "x0": 12.109838407486677, "x1": 0.15174699773857372, "x2": 59.00361869484186, "x3": 0.12078422540798783}, "budget": 0, "origin": "Sobol"}
{"cpu_time": 3.742988109588623, "wallclock_time": 3.846345901489258, "evaluations": 1, "cost": 2.621319898404181, "incumbent": {"h0": 3, "h1": 1, "x0": 12.109838407486677, "x1": 0.15174699773857372, "x2": 59.00361869484186, "x3": 0.12078422540798783}, "budget": 0, "origin": "Sobol"}
{"cpu_time": 46.68139338493347, "wallclock_time": 47.4974524974823, "evaluations": 9, "cost": 2.1113948859274387, "incumbent": {"h0": 3, "h1": 0, "x0": 7.971689939498901, "x1": 0.3405411326852441, "x2": 13.726956009864807, "x3": 0.22447805106639862}, "budget": 0, "origin": "Sobol"}
{"cpu_time": 113.15932559967041, "wallclock_time": 115.17682147026062, "evaluations": 23, "cost": 1.9180777028705052, "incumbent": {"h0": 5, "h1": 0, "x0": 4.834238708019257, "x1": 0.17174148321807386, "x2": 25.97333860397339, "x3": 0.0847218707203865}, "budget": 0, "origin": "Sobol"}
{"cpu_time": 168.66455388069153, "wallclock_time": 198.43072533607483, "evaluations": 35, "cost": 1.5493385174922878, "incumbent": {"h0": 5, "h1": 0, "x0": 4.6977998484708685, "x1": 0.16490476838123158, "x2": 24.263597796207712, "x3": 0.06234129405349175}, "budget": 0, "origin": "Local Search"}
{"cpu_time": 205.5540668964386, "wallclock_time": 252.59969830513, "evaluations": 42, "cost": 1.5486216152530687, "incumbent": {"h0": 5, "h1": 0, "x0": 4.909131535544027, "x1": 0.1657445670240262, "x2": 24.459467587600983, "x3": 0.07565760717698121}, "budget": 0, "origin": "Local Search"}
{"cpu_time": 225.94471621513367, "wallclock_time": 284.2770276069641, "evaluations": 46, "cost": 1.5480377711355686, "incumbent": {"h0": 5, "h1": 0, "x0": 4.909131535544027, "x1": 0.16643625155584466, "x2": 24.459467587600983, "x3": 0.06639430071410825}, "budget": 0, "origin": "Local Search"}
{"cpu_time": 231.2892415523529, "wallclock_time": 292.7243583202362, "evaluations": 47, "cost": 1.5480235324102978, "incumbent": {"h0": 5, "h1": 0, "x0": 4.909131535544027, "x1": 0.16644375349187723, "x2": 24.459467587600983, "x3": 0.16034786874845408}, "budget": 0, "origin": "Local Search"}
{"cpu_time": 364.4719834327698, "wallclock_time": 493.3694519996643, "evaluations": 73, "cost": 1.3825153713696636, "incumbent": {"h0": 4, "h1": 2, "x0": 7.522156083801736, "x1": 0.17860527223735576, "x2": 37.689749661497075, "x3": 0.3629578164001539}, "budget": 0, "origin": "Random Search"}
{"cpu_time": 435.59014773368835, "wallclock_time": 609.1305723190308, "evaluations": 87, "cost": 1.154212296478363, "incumbent": {"h0": 4, "h1": 2, "x0": 6.83420023139308, "x1": 0.851794741634316, "x2": 27.21640210701814, "x3": 0.4871469865664657}, "budget": 0, "origin": "Random Search"}
{"cpu_time": 463.96626019477844, "wallclock_time": 659.3181297779083, "evaluations": 92, "cost": 0.10991821067000274, "incumbent": {"h0": 4, "h1": 2, "x0": 6.856881706129315, "x1": 0.8432202024789197, "x2": 24.99103429192626, "x3": 0.49331434144920716}, "budget": 0, "origin": "Local Search"}
