"CPU Time Used","Estimated Training Performance","Wallclock Time","Incumbent ID","Automatic Configurator (CPU) Time","Configuration..."
0.000000, 2147483648.000000, 0.013992, 1, 0.013992, h0='5', h1='0', x0='6.379886820912361', x1='0.7101912664516828', x2='49.83665081113577', x3='0.3606412778608501'
5.337261, 2.069873, 5.438192, 1, 0.100931, h0='5', h1='0', x0='6.379886820912361', x1='0.7101912664516828', x2='49.83665081113577', x3='0.3606412778608501'
71.822876, 1.990892, 73.219453, 2, 1.396577, h0='4', h1='0', x0='7.594285249710083', x1='0.4204760628315807', x2='23.41712522506714', x3='0.46050721406936646'
81.244725, 1.731901, 82.810362, 3, 1.565637, h0='3', h1='1', x0='5.859108090400696', x1='0.21568055977120998', x2='40.44217777252197', x3='0.11325925588607788'
93.127201, 1.691625, 94.856298, 4, 1.729097, h0='5', h1='1', x0='9.54883098602295', x1='0.2978906509625912', x2='58.518776416778564', x3='0.17660237848758698'
309.935318, 1.646111, 410.778527, 5, 100.843209, h0='5', h1='1', x0='9.54883098602295', x1='0.2978906509625912', x2='58.518776416778564', x3='0.17603704916825952'
338.057271, 1.630282, 442.967858, 6, 104.910587, h0='5', h1='2', x0='9.54883098602295', x1='0.3283941809752107', x2='58.518776416778564', x3='0.17606433487343173'
397.545211, 1.627667, 536.690697, 7, 139.145486, h0='5', h1='2', x0='9.54883098602295', x1='0.3263129907192735', x2='58.518776416778564', x3='0.17603704916825952'
