{"cpu_time": 0.0, "wallclock_time": 0.0139923095703125, "evaluations": 0, "cost": 2147483648, "incumbent": {"h0": 5, "h1": 0, "x0": 6.379886820912361, "x1": 0.7101912664516828, "x2": 49.83665081113577, "x3": 0.3606412778608501}, "budget": 0, "origin": "Sobol"}
{"cpu_time": 5.337261199951172, "wallclock_time": 5.438192129135132, "evaluations": 1, "cost": 2.0698733555618674, "incumbent": {"h0": 5, "h1": 0, "x0": 6.379886820912361, "x1": 0.7101912664516828, "x2": 49.83665081113577, "x3": 0.3606412778608501}, "budget": 0, "origin": "Sobol"}
{"cpu_time": 71.82287573814392, "wallclock_time": 73.21945261955261, "evaluations": 13, "cost": 1.9908921066416951, "incumbent": {"h0": 4, "h1": 0, "x0": 7.594285249710083, "x1": 0.4204760628315807, "x2": 23.41712522506714, "x3": 0.46050721406936646}, "budget": 0, "origin": "Sobol"}
{"cpu_time": 81.24472522735596, "wallclock_time": 82.81036233901978, "evaluations": 15, "cost": 1.731901141407434, "incumbent": {"h0": 3, "h1": 1, "x0": 5.859108090400696, "x1": 0.21568055977120998, "x2": 40.44217777252197, "x3": 0.11325925588607788}, "budget": 0, "origin": "Sobol"}
{"cpu_time": 93.12720108032227, "wallclock_time": 94.85629796981812, "evaluations": 17, "cost": 1.6916249937057728, "incumbent": {"h0": 5, "h1": 1, "x0": 9.54883098602295, "x1": 0.2978906509625912, "x2": 58.518776416778564, "x3": 0.17660237848758698}, "budget": 0, "origin": "Sobol"}
{"cpu_time": 309.93531799316406, "wallclock_time": 410.7785267829895, "evaluations": 59, "cost": 1.6461110046511749, "incumbent": {"h0": 5, "h1": 1, "x0": 9.54883098602295, "x1": 0.2978906509625912, "x2": 58.518776416778564, "x3": 0.17603704916825952}, "budget": 0, "origin": "Local Search"}
{"cpu_time": 338.0572712421417, "wallclock_time": 442.9678580760956, "evaluations": 64, "cost": 1.630281955935061, "incumbent": {"h0": 5, "h1": 2, "x0": 9.54883098602295, "x1": 0.3283941809752107, "x2": 58.518776416778564, "x3": 0.17606433487343173}, "budget": 0, "origin": "Local Search"}
{"cpu_time": 397.54521131515503, "wallclock_time": 536.6906971931458, "evaluations": 77, "cost": 1.627667438766366, "incumbent": {"h0": 5, "h1": 2, "x0": 9.54883098602295, "x1": 0.3263129907192735, "x2": 58.518776416778564, "x3": 0.17603704916825952}, "budget": 0, "origin": "Local Search"}
