{"cpu_time": 0.0, "wallclock_time": 0.019722938537597656, "evaluations": 0, "cost": 2147483648, "incumbent": ["h0='4'", "h1='2'", "x0='11.910570416599512'", "x1='0.8790130495098233'", "x2='15.84604375064373'", "x3='0.49179269652813673'"], "origin": "Sobol"}
{"cpu_time": 6.726017475128174, "wallclock_time": 6.8285887241363525, "evaluations": 1, "cost": 10.50673426152207, "incumbent": ["h0='4'", "h1='2'", "x0='11.910570416599512'", "x1='0.8790130495098233'", "x2='15.84604375064373'", "x3='0.49179269652813673'"], "origin": "Sobol"}
{"cpu_time": 10.887789964675903, "wallclock_time": 11.077523708343506, "evaluations": 2, "cost": 9.258307266172181, "incumbent": ["h0='4'", "h1='1'", "x0='9.576177716255188'", "x1='0.030335247330479324'", "x2='61.1400580406189'", "x3='0.16119906306266785'"], "origin": "Sobol"}
{"cpu_time": 19.485029458999634, "wallclock_time": 19.838648080825806, "evaluations": 4, "cost": 1.8851686801099277, "incumbent": ["h0='5'", "h1='0'", "x0='6.308236837387085'", "x1='0.4747744273608923'", "x2='34.013362407684326'", "x3='0.26822635531425476'"], "origin": "Sobol"}
{"cpu_time": 50.74193859100342, "wallclock_time": 51.60381841659546, "evaluations": 10, "cost": 1.639437078123592, "incumbent": ["h0='3'", "h1='0'", "x0='13.28675103187561'", "x1='0.3377512161743641'", "x2='21.04384744167328'", "x3='0.09832297265529633'"], "origin": "Sobol"}
{"cpu_time": 95.60194897651672, "wallclock_time": 97.32532572746277, "evaluations": 19, "cost": 1.104590223170817, "incumbent": ["h0='3'", "h1='2'", "x0='10.46558427810669'", "x1='0.26978835525572303'", "x2='63.49688768386841'", "x3='0.4254792332649231'"], "origin": "Sobol"}
{"cpu_time": 171.73431992530823, "wallclock_time": 203.615407705307, "evaluations": 35, "cost": 0.5236637705856992, "incumbent": ["h0='5'", "h1='2'", "x0='10.959628719127483'", "x1='0.26714859111568073'", "x2='63.587223487940854'", "x3='0.4958506180423613'"], "origin": "Local Search"}
{"cpu_time": 350.8702585697174, "wallclock_time": 497.85611867904663, "evaluations": 70, "cost": 0.5233077277807752, "incumbent": ["h0='5'", "h1='2'", "x0='10.96092716165254'", "x1='0.26720254920130365'", "x2='63.63254983670966'", "x3='0.4958506180423613'"], "origin": "Local Search"}
{"cpu_time": 355.6713013648987, "wallclock_time": 506.7131316661835, "evaluations": 71, "cost": 0.4231394706039282, "incumbent": ["h0='4'", "h1='2'", "x0='10.99239143696052'", "x1='0.3352055152766633'", "x2='63.63207679047413'", "x3='0.4958506180423613'"], "origin": "Local Search"}
{"cpu_time": 372.0640664100647, "wallclock_time": 531.531879901886, "evaluations": 74, "cost": 0.4212977772258455, "incumbent": ["h0='4'", "h1='2'", "x0='10.986406219952636'", "x1='0.33843329353404134'", "x2='63.52517855930358'", "x3='0.49600073021698937'"], "origin": "Local Search"}
{"cpu_time": 375.69372606277466, "wallclock_time": 539.6948115825653, "evaluations": 75, "cost": 0.38549923748723813, "incumbent": ["h0='4'", "h1='2'", "x0='10.977604069720012'", "x1='0.3428358800877781'", "x2='63.42365796180699'", "x3='0.4958506180423613'"], "origin": "Local Search"}
{"cpu_time": 460.706999540329, "wallclock_time": 682.4330406188965, "evaluations": 91, "cost": 0.3112092614173889, "incumbent": ["h0='4'", "h1='2'", "x0='9.340059382396717'", "x1='0.3428358800877781'", "x2='63.63907251817831'", "x3='0.4958506180423613'"], "origin": "Local Search"}
{"cpu_time": 486.77413296699524, "wallclock_time": 730.9043927192688, "evaluations": 97, "cost": 0.27728935878621996, "incumbent": ["h0='4'", "h1='2'", "x0='9.471337384022736'", "x1='0.3428358800877781'", "x2='63.4345783488995'", "x3='0.49840504680625747'"], "origin": "Local Search"}
