{"cpu_time": 0.0, "wallclock_time": 0.012755870819091797, "evaluations": 0, "cost": 2147483648, "incumbent": {"h0": 3, "h1": 2, "x0": 10.584293875843287, "x1": 0.027090764267221092, "x2": 11.945931069552898, "x3": 0.14987936057150364}, "budget": 0, "origin": "Sobol"}
{"cpu_time": 8.198221921920776, "wallclock_time": 8.287633180618286, "evaluations": 1, "cost": 3.6534931019559735, "incumbent": {"h0": 3, "h1": 2, "x0": 10.584293875843287, "x1": 0.027090764267221092, "x2": 11.945931069552898, "x3": 0.14987936057150364}, "budget": 0, "origin": "Sobol"}
{"cpu_time": 19.843921899795532, "wallclock_time": 20.168840169906616, "evaluations": 4, "cost": 1.7062133225263096, "incumbent": {"h0": 4, "h1": 0, "x0": 4.16378566250205, "x1": 0.9889913110119104, "x2": 28.53932023048401, "x3": 0.05881595239043236}, "budget": 0, "origin": "Sobol"}
{"cpu_time": 81.69545316696167, "wallclock_time": 82.94441819190979, "evaluations": 16, "cost": 1.6759830125520239, "incumbent": {"h0": 3, "h1": 0, "x0": 8.696124911308289, "x1": 0.38088183831155303, "x2": 42.22580671310425, "x3": 0.23132731020450592}, "budget": 0, "origin": "Sobol"}
{"cpu_time": 191.41820573806763, "wallclock_time": 219.56946277618408, "evaluations": 37, "cost": 1.6006577883526916, "incumbent": {"h0": 3, "h1": 0, "x0": 9.252709699784324, "x1": 0.32945897533632185, "x2": 42.33538758765682, "x3": 0.23132731020450592}, "budget": 0, "origin": "Local Search"}
{"cpu_time": 280.51710271835327, "wallclock_time": 357.6709203720093, "evaluations": 57, "cost": 1.5970883595437044, "incumbent": {"h0": 3, "h1": 0, "x0": 9.100663190748808, "x1": 0.25437851435919506, "x2": 42.32286736892864, "x3": 0.23113058198906813}, "budget": 0, "origin": "Local Search"}
{"cpu_time": 284.31011152267456, "wallclock_time": 364.6124222278595, "evaluations": 58, "cost": 1.5921796803922916, "incumbent": {"h0": 3, "h1": 0, "x0": 9.255449804895012, "x1": 0.28368934526373074, "x2": 42.32286736892864, "x3": 0.23113058198906813}, "budget": 0, "origin": "Local Search"}
{"cpu_time": 314.84859704971313, "wallclock_time": 407.46256375312805, "evaluations": 66, "cost": 1.579650957170088, "incumbent": {"h0": 3, "h1": 0, "x0": 9.253635483773712, "x1": 0.2849205848916776, "x2": 42.33538758765682, "x3": 0.09278631486861288}, "budget": 0, "origin": "Local Search"}
{"cpu_time": 322.5422055721283, "wallclock_time": 421.2508566379547, "evaluations": 69, "cost": 1.574381441638252, "incumbent": {"h0": 3, "h1": 0, "x0": 9.253635483773712, "x1": 0.28538274574418965, "x2": 42.33538758765682, "x3": 0.037882612243521775}, "budget": 0, "origin": "Local Search"}
{"cpu_time": 352.73020815849304, "wallclock_time": 475.9139790534973, "evaluations": 80, "cost": 1.5742522096843459, "incumbent": {"h0": 3, "h1": 0, "x0": 9.253635483773712, "x1": 0.2836648258493869, "x2": 42.21928450283126, "x3": 0.0374498498357541}, "budget": 0, "origin": "Local Search"}
{"cpu_time": 387.4280595779419, "wallclock_time": 533.3169672489166, "evaluations": 92, "cost": 1.574247423417546, "incumbent": {"h0": 3, "h1": 0, "x0": 9.889877384903407, "x1": 0.2854859838085518, "x2": 42.17806289673106, "x3": 0.03747941047271668}, "budget": 0, "origin": "Local Search"}
{"cpu_time": 407.25249552726746, "wallclock_time": 567.4757142066956, "evaluations": 99, "cost": 1.572534407463536, "incumbent": {"h0": 3, "h1": 0, "x0": 9.253635483773712, "x1": 0.28538274574418965, "x2": 42.211100000447246, "x3": 0.010517416337236948}, "budget": 0, "origin": "Local Search"}
