"CPU Time Used","Estimated Training Performance","Wallclock Time","Incumbent ID","Automatic Configurator (CPU) Time","Configuration..."
0.000000, 2147483648.000000, 0.094605, 1, 0.094605, h0='4', h1='2', x0='11.113937228918076', x1='0.27457216223700903', x2='23.191339068114758', x3='0.042820388451218605'
10.765354, 5.212773, 11.031779, 1, 0.266424, h0='4', h1='2', x0='11.113937228918076', x1='0.27457216223700903', x2='23.191339068114758', x3='0.042820388451218605'
40.127455, 4.652894, 40.836902, 2, 0.709447, h0='5', h1='1', x0='12.173962593078613', x1='0.11447824194334448', x2='53.592952728271484', x3='0.3742162585258484'
44.246984, 2.172499, 45.051202, 3, 0.804217, h0='5', h1='2', x0='5.829798340797424', x1='0.6674536939007044', x2='49.24194526672363', x3='0.41426724195480347'
138.956062, 0.868487, 141.321262, 4, 2.365200, h0='3', h1='2', x0='4.139131009578705', x1='0.23513122349798682', x2='33.896620750427246', x3='0.49521052837371826'
263.425826, 0.850561, 330.325840, 5, 66.900013, h0='3', h1='2', x0='4.15389350490971', x1='0.2234445764332048', x2='33.848857200104156', x3='0.49941623394858203'
434.783505, 0.849973, 607.084581, 6, 172.301076, h0='3', h1='2', x0='4.15389350490971', x1='0.22535064583119777', x2='33.98277679352937', x3='0.4997572565331695'
528.193671, 0.849917, 757.110584, 7, 228.916912, h0='3', h1='2', x0='4.42973974103654', x1='0.22488680772988748', x2='33.98277679352937', x3='0.4997572565331695'
566.618297, 0.849906, 811.575516, 8, 244.957220, h0='3', h1='2', x0='4.38153139192268', x1='0.22488680772988748', x2='33.98277679352937', x3='0.49974985458115895'
