{"cpu_time": 0.0, "wallclock_time": 0.012590408325195312, "evaluations": 0, "cost": 2147483648, "incumbent": {"h0": 4, "h1": 2, "x0": 4.715600289404392, "x1": 0.7953760485676303, "x2": 32.80740627646446, "x3": 0.4827048624865711}, "budget": 0, "origin": "Sobol"}
{"cpu_time": 5.31264591217041, "wallclock_time": 5.407137632369995, "evaluations": 1, "cost": 12.519496292548865, "incumbent": {"h0": 4, "h1": 2, "x0": 4.715600289404392, "x1": 0.7953760485676303, "x2": 32.80740627646446, "x3": 0.4827048624865711}, "budget": 0, "origin": "Sobol"}
{"cpu_time": 10.91316270828247, "wallclock_time": 11.091482877731323, "evaluations": 2, "cost": 1.6426183367148042, "incumbent": {"h0": 5, "h1": 0, "x0": 11.320374250411987, "x1": 0.2942893147343397, "x2": 38.345457553863525, "x3": 0.242497980594635}, "budget": 0, "origin": "Sobol"}
{"cpu_time": 47.136820793151855, "wallclock_time": 48.00801944732666, "evaluations": 8, "cost": 1.5366251606646983, "incumbent": {"h0": 3, "h1": 0, "x0": 7.329979658126831, "x1": 0.881590179566741, "x2": 24.192386627197266, "x3": 0.34564077854156494}, "budget": 0, "origin": "Sobol"}
{"cpu_time": 219.83541226387024, "wallclock_time": 266.61473774909973, "evaluations": 40, "cost": 1.536294167748565, "incumbent": {"h0": 3, "h1": 0, "x0": 7.333656598779633, "x1": 0.86920095810512, "x2": 24.17231879189136, "x3": 0.3627422059235819}, "budget": 0, "origin": "Local Search"}
{"cpu_time": 245.5429446697235, "wallclock_time": 303.5758476257324, "evaluations": 45, "cost": 1.536242157817469, "incumbent": {"h0": 3, "h1": 0, "x0": 7.3249268637145635, "x1": 0.8738169125570702, "x2": 24.17231879189136, "x3": 0.3726940889077754}, "budget": 0, "origin": "Local Search"}
{"cpu_time": 249.90491771697998, "wallclock_time": 310.8618347644806, "evaluations": 46, "cost": 1.5361381405964494, "incumbent": {"h0": 3, "h1": 0, "x0": 7.3249268637145635, "x1": 0.8751090448922784, "x2": 24.159868635451584, "x3": 0.386187318177293}, "budget": 0, "origin": "Local Search"}
{"cpu_time": 272.0136275291443, "wallclock_time": 345.59130239486694, "evaluations": 50, "cost": 1.536133412624622, "incumbent": {"h0": 3, "h1": 0, "x0": 7.3230581276801665, "x1": 0.8779830595042707, "x2": 24.093498565537658, "x3": 0.38643944965553273}, "budget": 0, "origin": "Local Search"}
{"cpu_time": 355.2876920700073, "wallclock_time": 480.06570839881897, "evaluations": 66, "cost": 1.5361286846600706, "incumbent": {"h0": 3, "h1": 0, "x0": 7.254475289469525, "x1": 0.877556220621413, "x2": 24.093498565537658, "x3": 0.3865495593778851}, "budget": 0, "origin": "Local Search"}
{"cpu_time": 419.87950897216797, "wallclock_time": 578.8430089950562, "evaluations": 77, "cost": 1.5361239567027951, "incumbent": {"h0": 3, "h1": 0, "x0": 7.241775815398071, "x1": 0.8774480987896804, "x2": 24.093498565537658, "x3": 0.38983564812875665}, "budget": 0, "origin": "Local Search"}
