{"cpu_time": 0.0, "wallclock_time": 0.012971639633178711, "evaluations": 0, "cost": 2147483648, "incumbent": ["h0='3'", "h1='2'", "x0='6.296886287629604'", "x1='0.9606767634248919'", "x2='31.16080155223608'", "x3='0.14240912441164255'"], "origin": "Sobol"}
{"cpu_time": 4.044900417327881, "wallclock_time": 4.138331174850464, "evaluations": 1, "cost": 8.531168568155408, "incumbent": ["h0='3'", "h1='2'", "x0='6.296886287629604'", "x1='0.9606767634248919'", "x2='31.16080155223608'", "x3='0.14240912441164255'"], "origin": "Sobol"}
{"cpu_time": 8.772348880767822, "wallclock_time": 8.944892168045044, "evaluations": 2, "cost": 4.110725931604975, "incumbent": ["h0='5'", "h1='0'", "x0='11.91888952255249'", "x1='0.1529076170885563'", "x2='41.52713584899902'", "x3='0.2669259011745453'"], "origin": "Sobol"}
{"cpu_time": 36.052857875823975, "wallclock_time": 36.62243866920471, "evaluations": 6, "cost": 2.097598799304251, "incumbent": ["h0='4'", "h1='1'", "x0='4.31731453537941'", "x1='0.7208957568639517'", "x2='58.940611839294434'", "x3='0.3149924874305725'"], "origin": "Sobol"}
{"cpu_time": 54.422300815582275, "wallclock_time": 55.147865772247314, "evaluations": 8, "cost": 1.955174025355518, "incumbent": ["h0='3'", "h1='0'", "x0='9.254850506782532'", "x1='0.8342310674005746'", "x2='22.91016936302185'", "x3='0.08986261487007141'"], "origin": "Sobol"}
{"cpu_time": 205.32620239257812, "wallclock_time": 221.55864238739014, "evaluations": 30, "cost": 1.5208623945400177, "incumbent": ["h0='3'", "h1='0'", "x0='10.585576189415853'", "x1='0.8310557795981933'", "x2='42.042705059944815'", "x3='0.3735877998124917'"], "origin": "Local Search"}
{"cpu_time": 282.6706233024597, "wallclock_time": 339.5279915332794, "evaluations": 42, "cost": 0.6929553923109779, "incumbent": ["h0='3'", "h1='1'", "x0='11.433117067941476'", "x1='0.977652693684221'", "x2='22.81474216935156'", "x3='0.466520641888287'"], "origin": "Local Search"}
{"cpu_time": 330.6452898979187, "wallclock_time": 403.5487174987793, "evaluations": 48, "cost": 0.6306308561797778, "incumbent": ["h0='3'", "h1='1'", "x0='12.227962019239001'", "x1='0.9770083415230457'", "x2='47.803129528645044'", "x3='0.4176651756817886'"], "origin": "Local Search"}
{"cpu_time": 336.36521792411804, "wallclock_time": 416.00000166893005, "evaluations": 49, "cost": 0.0009270201881008688, "incumbent": ["h0='3'", "h1='1'", "x0='12.213125893820827'", "x1='0.9830422757122108'", "x2='43.2244521572823'", "x3='0.4181630496530042'"], "origin": "Local Search"}
{"cpu_time": 480.7015929222107, "wallclock_time": 656.4874401092529, "evaluations": 73, "cost": 4.433634239831008e-05, "incumbent": ["h0='5'", "h1='1'", "x0='12.34963345662159'", "x1='0.9837736893683364'", "x2='43.20303533931771'", "x3='0.41775668968687296'"], "origin": "Local Search"}
{"cpu_time": 514.0174949169159, "wallclock_time": 705.9562590122223, "evaluations": 78, "cost": 6.6400425566826016e-06, "incumbent": ["h0='5'", "h1='1'", "x0='12.381077494969055'", "x1='0.9835010834133417'", "x2='43.2244521572823'", "x3='0.4178873441656573'"], "origin": "Local Search"}
