{"cpu_time": 0.0, "wallclock_time": 0.0946052074432373, "evaluations": 0, "cost": 2147483648, "incumbent": ["h0='4'", "h1='2'", "x0='11.113937228918076'", "x1='0.27457216223700903'", "x2='23.191339068114758'", "x3='0.042820388451218605'"], "origin": "Sobol"}
{"cpu_time": 10.76535439491272, "wallclock_time": 11.031778573989868, "evaluations": 1, "cost": 5.2127726404578425, "incumbent": ["h0='4'", "h1='2'", "x0='11.113937228918076'", "x1='0.27457216223700903'", "x2='23.191339068114758'", "x3='0.042820388451218605'"], "origin": "Sobol"}
{"cpu_time": 40.12745451927185, "wallclock_time": 40.836901903152466, "evaluations": 6, "cost": 4.6528935545936285, "incumbent": ["h0='5'", "h1='1'", "x0='12.173962593078613'", "x1='0.11447824194334448'", "x2='53.592952728271484'", "x3='0.3742162585258484'"], "origin": "Sobol"}
{"cpu_time": 44.24698448181152, "wallclock_time": 45.051201581954956, "evaluations": 7, "cost": 2.17249881592943, "incumbent": ["h0='5'", "h1='2'", "x0='5.829798340797424'", "x1='0.6674536939007044'", "x2='49.24194526672363'", "x3='0.41426724195480347'"], "origin": "Sobol"}
{"cpu_time": 138.95606207847595, "wallclock_time": 141.32126212120056, "evaluations": 21, "cost": 0.8684874250466237, "incumbent": ["h0='3'", "h1='2'", "x0='4.139131009578705'", "x1='0.23513122349798682'", "x2='33.896620750427246'", "x3='0.49521052837371826'"], "origin": "Sobol"}
{"cpu_time": 263.42582631111145, "wallclock_time": 330.32583951950073, "evaluations": 40, "cost": 0.8505605140853731, "incumbent": ["h0='3'", "h1='2'", "x0='4.15389350490971'", "x1='0.2234445764332048'", "x2='33.848857200104156'", "x3='0.49941623394858203'"], "origin": "Local Search"}
{"cpu_time": 434.78350496292114, "wallclock_time": 607.0845811367035, "evaluations": 70, "cost": 0.8499730867479229, "incumbent": ["h0='3'", "h1='2'", "x0='4.15389350490971'", "x1='0.22535064583119777'", "x2='33.98277679352937'", "x3='0.4997572565331695'"], "origin": "Local Search"}
{"cpu_time": 528.19367146492, "wallclock_time": 757.1105835437775, "evaluations": 86, "cost": 0.8499168169364566, "incumbent": ["h0='3'", "h1='2'", "x0='4.42973974103654'", "x1='0.22488680772988748'", "x2='33.98277679352937'", "x3='0.4997572565331695'"], "origin": "Local Search"}
{"cpu_time": 566.6182968616486, "wallclock_time": 811.575516462326, "evaluations": 91, "cost": 0.8499062665541715, "incumbent": ["h0='3'", "h1='2'", "x0='4.38153139192268'", "x1='0.22488680772988748'", "x2='33.98277679352937'", "x3='0.49974985458115895'"], "origin": "Local Search"}
