{"cpu_time": 0.0, "wallclock_time": 0.014304637908935547, "evaluations": 0, "cost": 2147483648, "incumbent": {"h0": 3, "h1": 2, "x0": 12.871469728648663, "x1": 0.9059640566942747, "x2": 62.407015077769756, "x3": 0.4283154453150928}, "budget": 0, "origin": "Sobol"}
{"cpu_time": 4.022206783294678, "wallclock_time": 4.115797758102417, "evaluations": 1, "cost": 14.288549386987142, "incumbent": {"h0": 3, "h1": 2, "x0": 12.871469728648663, "x1": 0.9059640566942747, "x2": 62.407015077769756, "x3": 0.4283154453150928}, "budget": 0, "origin": "Sobol"}
{"cpu_time": 13.319575548171997, "wallclock_time": 13.49104619026184, "evaluations": 2, "cost": 2.2249503299972275, "incumbent": {"h0": 5, "h1": 0, "x0": 9.919616341590881, "x1": 0.1898826757963002, "x2": 12.372883796691895, "x3": 0.18837641179561615}, "budget": 0, "origin": "Sobol"}
{"cpu_time": 78.9273374080658, "wallclock_time": 80.40557503700256, "evaluations": 14, "cost": 1.6423103382148838, "incumbent": {"h0": 5, "h1": 0, "x0": 5.266458362340927, "x1": 0.9660896473687888, "x2": 36.53759241104126, "x3": 0.08417315036058426}, "budget": 0, "origin": "Sobol"}
{"cpu_time": 173.77808332443237, "wallclock_time": 195.8888645172119, "evaluations": 31, "cost": 1.610257058928255, "incumbent": {"h0": 5, "h1": 0, "x0": 5.8786069125958225, "x1": 0.9514430573684989, "x2": 36.238609918915884, "x3": 0.009026162589599398}, "budget": 0, "origin": "Local Search"}
{"cpu_time": 201.92643666267395, "wallclock_time": 239.7074680328369, "evaluations": 36, "cost": 1.2853997883066768, "incumbent": {"h0": 5, "h1": 0, "x0": 6.0890599108729315, "x1": 0.9771381491272253, "x2": 36.47725558492316, "x3": 0.008319208942257038}, "budget": 0, "origin": "Local Search"}
{"cpu_time": 211.65215945243835, "wallclock_time": 256.4157998561859, "evaluations": 38, "cost": 1.2840767000452615, "incumbent": {"h0": 5, "h1": 0, "x0": 6.384885125827234, "x1": 0.9812777359965882, "x2": 36.39360945852495, "x3": 0.00821101871925246}, "budget": 0, "origin": "Local Search"}
{"cpu_time": 357.80905985832214, "wallclock_time": 480.6756098270416, "evaluations": 67, "cost": 1.2839340547543543, "incumbent": {"h0": 5, "h1": 0, "x0": 6.333074546937405, "x1": 0.981868021698119, "x2": 36.38791548857216, "x3": 0.007980846866456772}, "budget": 0, "origin": "Local Search"}
{"cpu_time": 362.46602034568787, "wallclock_time": 489.6079680919647, "evaluations": 68, "cost": 1.2822747648206132, "incumbent": {"h0": 5, "h1": 0, "x0": 6.329762185055681, "x1": 0.9871652726913255, "x2": 36.38693471483894, "x3": 0.007970686698758094}, "budget": 0, "origin": "Local Search"}
{"cpu_time": 367.61890482902527, "wallclock_time": 498.6860816478729, "evaluations": 69, "cost": 1.281423930908204, "incumbent": {"h0": 5, "h1": 0, "x0": 6.328654378193038, "x1": 0.989893583957132, "x2": 36.32624452405689, "x3": 0.007970686698758094}, "budget": 0, "origin": "Local Search"}
{"cpu_time": 387.42929434776306, "wallclock_time": 534.2420797348022, "evaluations": 73, "cost": 1.2812771150493063, "incumbent": {"h0": 5, "h1": 0, "x0": 6.3447843200713985, "x1": 0.9902299272761219, "x2": 36.33803676701529, "x3": 0.00821101871925246}, "budget": 0, "origin": "Local Search"}
{"cpu_time": 393.0659158229828, "wallclock_time": 544.1632845401764, "evaluations": 74, "cost": 1.2799259406492638, "incumbent": {"h0": 5, "h1": 0, "x0": 6.350390505235395, "x1": 0.9952007233445742, "x2": 36.12216480979204, "x3": 0.007459534426280329}, "budget": 0, "origin": "Local Search"}
{"cpu_time": 397.4485516548157, "wallclock_time": 553.7870736122131, "evaluations": 75, "cost": 1.2793390710467065, "incumbent": {"h0": 5, "h1": 0, "x0": 6.354991555899382, "x1": 0.9967402844622054, "x2": 36.14305809174968, "x3": 0.00812055883886195}, "budget": 0, "origin": "Local Search"}
{"cpu_time": 402.5750238895416, "wallclock_time": 562.8370876312256, "evaluations": 76, "cost": 1.2784374528710032, "incumbent": {"h0": 5, "h1": 0, "x0": 6.355745257270812, "x1": 0.9998457766519009, "x2": 36.22968894464285, "x3": 0.00812055883886195}, "budget": 0, "origin": "Local Search"}
{"cpu_time": 457.84175419807434, "wallclock_time": 664.6948962211609, "evaluations": 87, "cost": 1.2317541655065725, "incumbent": {"h0": 5, "h1": 1, "x0": 6.355745257270812, "x1": 0.9998457766519009, "x2": 36.494523379465136, "x3": 0.00812055883886195}, "budget": 0, "origin": "Local Search"}
{"cpu_time": 475.6788082122803, "wallclock_time": 694.5194356441498, "evaluations": 90, "cost": 1.2315255552530289, "incumbent": {"h0": 5, "h1": 1, "x0": 6.363374094795779, "x1": 0.9998457766519009, "x2": 36.502874456526996, "x3": 0.008105695706764988}, "budget": 0, "origin": "Local Search"}
